url,label
http://login-secure-bank.xyz,phishing
http://verify-account-alert.com,phishing
http://update-your-bank-info.net,phishing
http://freegiftcard2025.net,phishing
http://secure-paypal-login-alert.com,phishing
http://account-verification-required.xyz,phishing
http://banking-update-confirm.net,phishing
http://confirm-identity-now.com,phishing
http://paypal-security-update-login.com,phishing
http://amazon-prize-claim-now.net,phishing
http://bit.ly/secure-login-bank,phishing
http://tinyurl.com/verify-account-now,phishing
http://login-facebook-security-check.com,phishing
http://urgent-bank-action-required.net,phishing
http://click-now-to-secure-account.com,phishing
http://login-update-gmail-security.com,phishing
http://icloud-account-verification-alert.com,phishing
http://netflix-payment-update-required.net,phishing
http://reset-your-password-now.com,phishing
http://login-otp-confirmation-secure.com,phishing

https://www.google.com,legitimate
https://www.youtube.com,legitimate
https://www.amazon.in,legitimate
https://www.wikipedia.org,legitimate
https://www.manipal.edu,legitimate
https://www.github.com,legitimate
https://www.stackoverflow.com,legitimate
https://www.microsoft.com,legitimate
https://www.apple.com,legitimate
https://www.linkedin.com,legitimate
https://www.instagram.com,legitimate
https://www.facebook.com,legitimate
https://www.netflix.com,legitimate
https://www.paypal.com,legitimate
https://www.reddit.com,legitimate
https://www.quora.com,legitimate
https://www.openai.com,legitimate
https://www.oracle.com,legitimate
https://www.ibm.com,legitimate
https://www.tesla.com,legitimate
